{
  "current_10": {
    "best_name": "state_resid",
    "best_metrics": {
      "mae": 7217.308401576078,
      "rmse": 9629.431036064329,
      "medae": 5855.528950073669,
      "hit5k": 0.4491017964071856,
      "hit10k": 0.7544910179640718,
      "n": 167
    },
    "target_row": {
      "actual": 205000.0,
      "lag1": 213000.0,
      "ma4": 211500.0,
      "base_holiday": 213044.32926565822,
      "calendar_factor_hgb": 213697.62861684125,
      "short_term_hgb": 213926.65634271083,
      "yoy_holiday": 213608.77698487727,
      "state_hgb": 215337.27311147898,
      "state_resid": 214386.8343526703,
      "state_switch": 215337.27311147898
    }
  },
  "all_50": {
    "best_name": "state_resid",
    "best_metrics": {
      "mae": 7327.903326519255,
      "rmse": 9690.604317134006,
      "medae": 6001.0638087723055,
      "hit5k": 0.4491017964071856,
      "hit10k": 0.718562874251497,
      "n": 167
    },
    "target_row": {
      "actual": 205000.0,
      "lag1": 213000.0,
      "ma4": 211500.0,
      "base_holiday": 213044.32926565822,
      "calendar_factor_hgb": 213697.62861684125,
      "short_term_hgb": 213926.65634271083,
      "yoy_holiday": 213608.77698487727,
      "state_hgb": 214649.08890400795,
      "state_resid": 214117.17351913988,
      "state_switch": 214649.08890400795
    }
  }
}